numEventos,nombre,edad,facultad
2,"Claudio Ochoa-Soria",46,Odontología
2,"María Belén Oliver Flor",25,Arquitectura
2,"José Bernal Martín",31,"Ciencias Sociales"
2,"Adelardo Miró-Sarmiento",22,"Ciencias Físicas y Matemáticas"
2,"Rufina Gallardo Benavente",31,Agronomía
2,"Luis Miguel Danilo Morán Izquierdo",39,"Ciencias de la Salud"
2,"Anita Díaz Benavente",17,Ingeniería
2,"Margarita Torres",43,"Educación Física"
2,"Basilio Tejera",26,Medicina
2,"Luisina Bertrán Aroca",21,Psicología
2,"Daniela Sebastián Luna",36,Ingeniería
2,"Eugenia Cardona",20,Filosofía
2,"Abigaíl Claudia Valls Domínguez",43,"Educación Física"
2,"Inmaculada Torres Expósito",27,Química
